{
  "schemaVersion": 1,
  "id": "runeforged-api",
  "version": "${version}",
  "name": "Runeforged API",
  "description": "API for the Runeforged mod's mana system",
  "authors": [
    "Your Name"
  ],
  "contact": {
    "homepage": "https://example.com/",
    "sources": "https://github.com/yourusername/runeforged-api"
  },
  "license": "MIT",
  "icon": "assets/runeforged-api/icon.png",
  "environment": "*",
  "entrypoints": {
    "main": [
      "com.example.runeforged.api.fabric.RuneforgedAPIFabric"
    ],
    "client": [
      "com.example.runeforged.api.fabric.RuneforgedAPIFabricClient"
    ]
  },
  "mixins": [
    "runeforged-api.mixins.json",
    "runeforged-api-common.mixins.json"
  ],
  "depends": {
    "fabric": "*",
    "minecraft": ">=1.21.1",
    "architectury": ">=11.0.9"
  },
  "accessWidener": "runeforged.accesswidener"
}

